Employee_ID,Company_ID,Name,Job_Title,Email,Phone
E00001,C0001,Srinivas Chittimalla,Marketing Specialist,srinivaschittimalla86@gmail.com,+1 (202) 599-3497
E00002,C0002,Malli Duggineni,Strategic Buyer,malleswararaoduggineni@gmail.com,+1 (469) 850-0322
E00003,C0003,Saroja Nemmaluri,QA Specialist,js.saroja21@gmail.com,+1 (469) 730-4836
E00004,C0004,Yash Bandaru,Digital Marketing Executive,bychowdary05@gmail.com,+1 (202) 599-3500
E00005,C0005,Swaroop Venkatagiri,Country Manager,svktekninjas@gmail.com,+1 (202) 599-3501
E00006,C0006,Govardhan Terli,Engineering Director,govardhan.t@tekninjas.com,+1 (469) 312-6842
E00007,C0007,Pavan Silveri,Product Director,pavan.s@tekninjas.com,+1 (210) 618-0905
E00008,C0008,Venkatesh Jalaneela,Head of Operations,venkatesh.j@tekninjas.com,+1 (469) 887-4995
E00009,C0009,Mahesh Venkatagiri,Vice President,mahesh.v@tekninjas.com,+1 (469) 840-4170
E00010,C0010,Harish Bandla,President,harish.b@tekninjas.com,+1 (203) 267-9870
E00011,C0011,Austin Terry,Managing Director,austin.t@tekninjas.com,+1 (469) 699-8559
E00012,C0012,Priya Raghavan,General Counsel Operations,priya.raghavan@example.com,+1 (555) 010-0101
E00013,C0013,Daniel Okafor,VP of Engineering,daniel.okafor@example.com,+1 (555) 010-0102
E00014,C0014,Elena Vasquez,Director of Product,elena.vasquez@example.com,+1 (555) 010-0103
E00015,C0015,Marcus Chen,Head of Platform,marcus.chen@example.com,+1 (555) 010-0104
E00016,C0016,Sarah Whitfield,Chief Operating Officer,sarah.whitfield@example.com,+1 (555) 010-0105
E00017,C0017,Rahul Mehta,VP Data Platform,rahul.mehta@example.com,+1 (555) 010-0106
E00018,C0018,Jessica Tran,Director of Growth,jessica.tran@example.com,+1 (555) 010-0107
E00019,C0019,Tom Gallagher,Head of Product,tom.gallagher@example.com,+1 (555) 010-0108
E00020,C0020,Amara Johnson,VP of Operations,amara.johnson@example.com,+1 (555) 010-0109
E00021,C0021,David Kowalski,Managing Director,david.kowalski@example.com,+1 (555) 010-0110
